URL,前回のクロール
https://www.dearmanga.com/fantasy/little-witch-academia,2026-05-12
https://www.dearmanga.com/horror/zombie-loan,2026-05-12
https://www.dearmanga.com/romance/tail-of-the-moon,2026-05-12
https://www.dearmanga.com/fantasy/inu-x-boku-ss,2026-05-12
https://www.dearmanga.com/horror/dark-gathering,2026-05-12
https://www.dearmanga.com/romance/arisa,2026-05-12
https://www.dearmanga.com/action/initial-d,2026-05-12
https://www.dearmanga.com/fantasy/tokyo-babylon,2026-05-12
https://www.dearmanga.com/romance/my-dress-up-darling,2026-05-12
https://www.dearmanga.com/horror/dragon-head,2026-05-12
https://www.dearmanga.com/sci-fi/pluto,2026-05-12
https://www.dearmanga.com/romance/magical-x-miracle,2026-05-12
https://www.dearmanga.com/action/pokemon-adventures,2026-05-12
https://www.dearmanga.com/romance/blue-morning,2026-05-12
https://www.dearmanga.com/slice-of-life/bunny-drop,2026-05-12
https://www.dearmanga.com/romance/my-little-monster,2026-05-12
https://www.dearmanga.com/slice-of-life/konohana-kitan,2026-05-12
https://www.dearmanga.com/fantasy/my-next-life-as-a-villainess,2026-05-12
https://www.dearmanga.com/romance/hibi-chouchou,2026-05-12
https://www.dearmanga.com/action/gto,2026-05-12
https://www.dearmanga.com/sci-fi/alien-nine,2026-05-12
https://www.dearmanga.com/fantasy/reincarnated-as-a-sword,2026-05-12
https://www.dearmanga.com/action/fist-of-the-blue-sky,2026-05-12
https://www.dearmanga.com/action/arata-the-legend,2026-05-12
https://www.dearmanga.com/romance/super-lovers,2026-05-12
https://www.dearmanga.com/fantasy/tsubasa-chronicles,2026-05-12
https://www.dearmanga.com/sci-fi/worlds-end-harem,2026-05-12
https://www.dearmanga.com/action/kengan-omega,2026-05-12
https://www.dearmanga.com/sci-fi/battle-angel-alita-last-order,2026-05-12
https://www.dearmanga.com/action/drifters,2026-05-12
https://www.dearmanga.com/slice-of-life/watamote,2026-05-12
https://www.dearmanga.com/slice-of-life/interviews-with-monster-girls,2026-05-12
https://www.dearmanga.com/fantasy/kaiju-girl-caramelise,2026-05-12
https://www.dearmanga.com/romance/gakuen-alice,2026-05-12
https://www.dearmanga.com/slice-of-life/blank-canvas,2026-05-12
https://www.dearmanga.com/fantasy/banished-from-the-heroes-party,2026-05-12
https://www.dearmanga.com/fantasy/cardcaptor-sakura,2026-05-12
https://www.dearmanga.com/sci-fi/children-of-the-whales,2026-05-12
https://www.dearmanga.com/slice-of-life/sweat-and-soap,2026-05-12
https://www.dearmanga.com/fantasy/dazzle,2026-05-12
https://www.dearmanga.com/horror/secret-yoshiki,2026-05-12
https://www.dearmanga.com/romance/parfait-tic,2026-05-12
https://www.dearmanga.com/romance/tropical-fish-yearns-for-snow,2026-05-12
https://www.dearmanga.com/romance/love-in-focus,2026-05-12
https://www.dearmanga.com/sports/knight-in-the-area,2026-05-12
https://www.dearmanga.com/sci-fi/legend-of-the-galactic-heroes,2026-05-12
https://www.dearmanga.com/action/baccano,2026-05-12
https://www.dearmanga.com/romance/perfect-world,2026-05-12
https://www.dearmanga.com/romance/ladies-versus-butlers,2026-05-12
https://www.dearmanga.com/horror/my-home-hero,2026-05-12
https://www.dearmanga.com/fantasy/world-exists-for-me,2026-05-12
https://www.dearmanga.com/fantasy/villainess-level-99,2026-05-12
https://www.dearmanga.com/romance/karakuri-odette,2026-05-12
https://www.dearmanga.com/horror/hideout,2026-05-12
https://www.dearmanga.com/action/patlabor,2026-05-12
https://www.dearmanga.com/horror/me-devil-blues,2026-05-12
https://www.dearmanga.com/slice-of-life/merman-in-my-tub,2026-05-12
https://www.dearmanga.com/fantasy/welcome-to-japan-ms-elf,2026-05-12
https://www.dearmanga.com/horror/kurosagi-corpse-delivery-service,2026-05-12
https://www.dearmanga.com/romance/white-album-manga,2026-05-12
https://www.dearmanga.com/romance/faster-than-a-kiss,2026-05-12
https://www.dearmanga.com/slice-of-life/kaiji,2026-05-12
https://www.dearmanga.com/horror/master-keaton,2026-05-12
https://www.dearmanga.com/sci-fi/chobits,2026-05-12
https://www.dearmanga.com/horror/blood-on-the-tracks,2026-05-12
https://www.dearmanga.com/sports/beyblade,2026-05-12
https://www.dearmanga.com/sports/hungry-heart,2026-05-12
https://www.dearmanga.com/horror/high-rise-invasion,2026-05-12
https://www.dearmanga.com/sci-fi/space-brothers,2026-05-12
https://www.dearmanga.com/sci-fi/clover-clamp,2026-05-12
https://www.dearmanga.com/horror/ichi-the-killer,2026-05-12
https://www.dearmanga.com/sci-fi/a-certain-scientific-accelerator,2026-05-12
https://www.dearmanga.com/action/air-master,2026-05-12
https://www.dearmanga.com/horror/fort-of-apocalypse,2026-05-12
https://www.dearmanga.com/action/takopi-original-sin,2026-05-12
https://www.dearmanga.com/action/hunter-x-hunter,2026-05-12
https://www.dearmanga.com/sports/hikaru-no-go,2026-05-12
https://www.dearmanga.com/horror/parasyte,2026-05-12
https://www.dearmanga.com/action/basara,2026-05-12
https://www.dearmanga.com/action/magi-sinbad,2026-05-12
https://www.dearmanga.com/action/zom-100,2026-05-12
https://www.dearmanga.com/sci-fi/20th-century-boys,2026-05-12
https://www.dearmanga.com/slice-of-life/buddha,2026-05-12
https://www.dearmanga.com/sports/keijo,2026-05-12
https://www.dearmanga.com/slice-of-life/handa-kun,2026-05-12
https://www.dearmanga.com/slice-of-life/ichigo-mashimaro,2026-05-12
https://www.dearmanga.com/action/fullmetal-alchemist,2026-05-12
https://www.dearmanga.com/horror/alice-in-murderland,2026-05-12
https://www.dearmanga.com/fantasy/im-a-spider,2026-05-12
https://www.dearmanga.com/romance/iris-zero,2026-05-12
https://www.dearmanga.com/fantasy/four-knights-of-the-apocalypse,2026-05-12
https://www.dearmanga.com/romance/red-river,2026-05-12
https://www.dearmanga.com/fantasy/animal-land,2026-05-12
https://www.dearmanga.com/slice-of-life/a-galaxy-next-door,2026-05-12
https://www.dearmanga.com/action/chronicles-of-an-aristocrat,2026-05-12
https://www.dearmanga.com/action/shangri-la-frontier,2026-05-12
https://www.dearmanga.com/fantasy/sugar-sugar-rune,2026-05-12
https://www.dearmanga.com/slice-of-life/barakamon,2026-05-12
https://www.dearmanga.com/slice-of-life/gabriel-dropout,2026-05-12
https://www.dearmanga.com/slice-of-life/princess-jellyfish,2026-05-12
https://www.dearmanga.com/action/assassination-classroom,2026-05-12
https://www.dearmanga.com/action/pumpkin-scissors,2026-05-12
https://www.dearmanga.com/fantasy/fushigi-yugi,2026-05-12
https://www.dearmanga.com/fantasy/ranking-of-kings,2026-05-12
https://www.dearmanga.com/action/chained-soldier,2026-05-12
https://www.dearmanga.com/slice-of-life/ms-koizumi-loves-ramen,2026-05-12
https://www.dearmanga.com/romance/aishiteruze-baby,2026-05-12
https://www.dearmanga.com/romance/hanasakeru-seishounen,2026-05-12
https://www.dearmanga.com/romance/spell-of-desire,2026-05-12
https://www.dearmanga.com/sci-fi/steins-gate,2026-05-12
https://www.dearmanga.com/horror/bio-meat-nectar,2026-05-12
https://www.dearmanga.com/slice-of-life/boys-run-the-riot,2026-05-12
https://www.dearmanga.com/action/ranma-1-2,2026-05-12
https://www.dearmanga.com/action/lone-wolf-and-cub,2026-05-12
https://www.dearmanga.com/action/07-ghost,2026-05-12
https://www.dearmanga.com/romance/crazy-love-story,2026-05-12
https://www.dearmanga.com/romance/urusei-yatsura,2026-05-12
https://www.dearmanga.com/sci-fi/dominion-tank-police,2026-05-12
https://www.dearmanga.com/fantasy/infinite-dendrogram,2026-05-12
https://www.dearmanga.com/fantasy/my-isekai-life,2026-05-12
https://www.dearmanga.com/horror/sankarea,2026-05-12
https://www.dearmanga.com/fantasy/im-in-love-with-the-villainess,2026-05-12
https://www.dearmanga.com/fantasy/killing-slimes-300-years,2026-05-12
https://www.dearmanga.com/romance/dont-be-cruel,2026-05-12
https://www.dearmanga.com/romance/la-corda-doro,2026-05-12
https://www.dearmanga.com/romance/love-chunibyo,2026-05-12
https://www.dearmanga.com/sci-fi/kokkoku,2026-05-12
https://www.dearmanga.com/slice-of-life/hitomi-chan,2026-05-12
https://www.dearmanga.com/romance/ai-yori-aoshi,2026-05-12
https://www.dearmanga.com/romance/brides-story,2026-05-12
https://www.dearmanga.com/sci-fi/summer-time-rendering,2026-05-12
https://www.dearmanga.com/sci-fi/dimension-w,2026-05-12
https://www.dearmanga.com/sci-fi/needless,2026-05-12
https://www.dearmanga.com/slice-of-life/somedays-dreamers,2026-05-12
https://www.dearmanga.com/slice-of-life/yotsuba,2026-05-12
https://www.dearmanga.com/sci-fi/clockwork-planet,2026-05-12
https://www.dearmanga.com/romance/harukanaru,2026-05-12
https://www.dearmanga.com/sci-fi/evangelion-campus-apocalypse,2026-05-12
https://www.dearmanga.com/action/rokka-braves-six-flowers,2026-05-12
https://www.dearmanga.com/action/shaman-king,2026-05-12
https://www.dearmanga.com/fantasy/sleepy-princess,2026-05-12
https://www.dearmanga.com/horror/fragments-of-horror,2026-05-12
https://www.dearmanga.com/horror/shadows-house,2026-05-12
https://www.dearmanga.com/slice-of-life/cells-at-work-code-black,2026-05-12
https://www.dearmanga.com/sci-fi/spriggan,2026-05-12
https://www.dearmanga.com/fantasy/genius-princes-guide,2026-05-12
https://www.dearmanga.com/fantasy/rg-veda,2026-05-12
https://www.dearmanga.com/slice-of-life/abandon-the-old-in-tokyo,2026-05-12
https://www.dearmanga.com/slice-of-life/gingitsune,2026-05-12
https://www.dearmanga.com/romance/love-mode,2026-05-12
https://www.dearmanga.com/romance/only-the-ring-finger-knows,2026-05-12
https://www.dearmanga.com/slice-of-life/what-did-you-eat-yesterday,2026-05-12
https://www.dearmanga.com/romance/gravitation-ex,2026-05-12
https://www.dearmanga.com/fantasy/uncle-from-another-world,2026-05-12
https://www.dearmanga.com/romance/honey-so-sweet,2026-05-12
https://www.dearmanga.com/action/busou-renkin,2026-05-12
https://www.dearmanga.com/action/dragon-drive,2026-05-12
https://www.dearmanga.com/action/zetman,2026-05-12
https://www.dearmanga.com/horror/girl-from-the-other-side,2026-05-12
https://www.dearmanga.com/horror/mw,2026-05-12
https://www.dearmanga.com/romance/nagatoro,2026-05-12
https://www.dearmanga.com/action/naruto,2026-05-12
https://www.dearmanga.com/slice-of-life/my-lv999-love,2026-05-12
https://www.dearmanga.com/fantasy/lucifer-and-the-biscuit-hammer,2026-05-12
https://www.dearmanga.com/romance/cat-street,2026-05-12
https://www.dearmanga.com/romance/daytime-shooting-star,2026-05-12
https://www.dearmanga.com/action/chrono-crusade,2026-05-12
https://www.dearmanga.com/action/durarara,2026-05-12
https://www.dearmanga.com/action/noragami,2026-05-12
https://www.dearmanga.com/action/uq-holder,2026-05-12
https://www.dearmanga.com/fantasy/revolutionary-girl-utena,2026-05-12
https://www.dearmanga.com/romance/taiyou-no-ie,2026-05-12
https://www.dearmanga.com/sci-fi/land-of-the-lustrous,2026-05-12
https://www.dearmanga.com/slice-of-life/ice-guy-cool-female-colleague,2026-05-12
https://www.dearmanga.com/action/rosen-garten-saga,2026-05-12
https://www.dearmanga.com/horror/homunculus,2026-05-12
https://www.dearmanga.com/romance/dn-angel,2026-05-12
https://www.dearmanga.com/slice-of-life/k-on,2026-05-12
https://www.dearmanga.com/slice-of-life/way-of-the-househusband,2026-05-12
https://www.dearmanga.com/romance/living-room-matsunaga-san,2026-05-12
https://www.dearmanga.com/romance/missions-of-love,2026-05-12
https://www.dearmanga.com/sci-fi/origin-boichi,2026-05-12
https://www.dearmanga.com/sports/kakegurui,2026-05-12
https://www.dearmanga.com/sports/mix,2026-05-12
https://www.dearmanga.com/action/call-of-the-night,2026-05-12
https://www.dearmanga.com/fantasy/sword-oratoria,2026-05-12
https://www.dearmanga.com/romance/crimson-spell,2026-05-12
https://www.dearmanga.com/romance/love-at-fourteen,2026-05-12
https://www.dearmanga.com/romance/shuriken-pleats,2026-05-12
https://www.dearmanga.com/action/the-elusive-samurai,2026-05-12
https://www.dearmanga.com/horror/doomed-megalopolis,2026-05-12
https://www.dearmanga.com/romance/absolute-obedience-manga,2026-05-12
https://www.dearmanga.com/slice-of-life/the-walking-man,2026-05-12
https://www.dearmanga.com/fantasy/return-of-the-mount-hua-sect,2026-05-12
https://www.dearmanga.com/romance/monkey-high,2026-05-12
https://www.dearmanga.com/horror/litchi-hikari-club,2026-05-12
https://www.dearmanga.com/slice-of-life/monthly-girls-nozaki-kun,2026-05-12
https://www.dearmanga.com/romance/ceres-celestial-legend,2026-05-12
https://www.dearmanga.com/fantasy/spice-and-wolf,2026-05-12
https://www.dearmanga.com/action/inuyasha,2026-05-12
https://www.dearmanga.com/action/my-hero-academia-smash,2026-05-12
https://www.dearmanga.com/fantasy/villainess-taming-final-boss,2026-05-12
https://www.dearmanga.com/horror/beautiful-bones-sakurako,2026-05-12
https://www.dearmanga.com/action/weak-hero,2026-05-12
https://www.dearmanga.com/fantasy/kuma-kuma-kuma-bear,2026-05-12
https://www.dearmanga.com/action/undead-unluck,2026-05-12
https://www.dearmanga.com/fantasy/ran-and-gray-world,2026-05-12
https://www.dearmanga.com/slice-of-life/arte,2026-05-12
https://www.dearmanga.com/horror/corpse-party,2026-05-12
https://www.dearmanga.com/romance/rose-of-versailles,2026-05-12
https://www.dearmanga.com/romance/itazura-na-kiss,2026-05-12
https://www.dearmanga.com/romance/kamichama-karin,2026-05-12
https://www.dearmanga.com/romance/ao-haru-ride,2026-05-12
https://www.dearmanga.com/sci-fi/phoenix,2026-05-12
https://www.dearmanga.com/sports/girls-und-panzer,2026-05-12
https://www.dearmanga.com/sports/levius,2026-05-12
https://www.dearmanga.com/sports/teppu,2026-05-12
https://www.dearmanga.com/romance/dangers-in-my-heart,2026-05-12
https://www.dearmanga.com/action/kingdom,2026-05-12
https://www.dearmanga.com/action/sgt-frog,2026-05-12
https://www.dearmanga.com/horror/museum-of-terror,2026-05-12
https://www.dearmanga.com/action/maken-ki,2026-05-12
https://www.dearmanga.com/romance/douki-chan,2026-05-12
https://www.dearmanga.com/romance/true-beauty,2026-05-12
https://www.dearmanga.com/romance/yamada-kun-seven-witches,2026-05-12
https://www.dearmanga.com/romance/kaguya-sama,2026-05-12
https://www.dearmanga.com/sports/softenni,2026-05-12
https://www.dearmanga.com/slice-of-life/marimite,2026-05-11
https://www.dearmanga.com/sports/ten-dance,2026-05-11
https://www.dearmanga.com/slice-of-life/encouragement-of-climb,2026-05-11
https://www.dearmanga.com/romance/a-silent-voice,2026-05-11
https://www.dearmanga.com/slice-of-life/my-neighbor-seki,2026-05-11
https://www.dearmanga.com/fantasy/last-dungeon-boonies,2026-05-11
https://www.dearmanga.com/sci-fi/thermae-romae,2026-05-11
https://www.dearmanga.com/fantasy/madoka-magica,2026-05-11
https://www.dearmanga.com/romance/kamisama-kiss,2026-05-11
https://www.dearmanga.com/action/freezing,2026-05-11
https://www.dearmanga.com/sci-fi/brynhildr-darkness,2026-05-11
https://www.dearmanga.com/romance/rent-a-girlfriend,2026-05-11
https://www.dearmanga.com/action/ultimo,2026-05-11
https://www.dearmanga.com/action/food-wars-shokugeki-no-soma,2026-05-11
https://www.dearmanga.com/sports/cross-manage,2026-05-11
https://www.dearmanga.com/sports/chihayafuru,2026-05-11
https://www.dearmanga.com/action/mission-yozakura-family,2026-05-11
https://www.dearmanga.com/fantasy/mushoku-tensei,2026-05-11
https://www.dearmanga.com/fantasy/wrong-way-healing-magic,2026-05-11
https://www.dearmanga.com/fantasy/the-kingdoms-of-ruin,2026-05-11
https://www.dearmanga.com/fantasy/tactics,2026-05-11
https://www.dearmanga.com/horror/i-am-a-hero,2026-05-11
https://www.dearmanga.com/sports/inazuma-eleven,2026-05-11
https://www.dearmanga.com/romance/anonymous-noise,2026-05-11
https://www.dearmanga.com/romance/gentlemans-alliance,2026-05-11
https://www.dearmanga.com/romance/amagami,2026-05-11
https://www.dearmanga.com/sports/new-prince-of-tennis,2026-05-11
https://www.dearmanga.com/fantasy/skeleton-knight,2026-05-11
https://www.dearmanga.com/action/saint-seiya,2026-05-11
https://www.dearmanga.com/slice-of-life/my-senpai-is-annoying,2026-05-11
https://www.dearmanga.com/romance/hot-gimmick,2026-05-11
https://www.dearmanga.com/sci-fi/dawn-of-the-witch,2026-05-11
https://www.dearmanga.com/slice-of-life/3-gatsu-no-lion,2026-05-11
https://www.dearmanga.com/romance/otomen,2026-05-11
https://www.dearmanga.com/sci-fi/no-6,2026-05-11
https://www.dearmanga.com/romance/masamune-kuns-revenge,2026-05-11
https://www.dearmanga.com/fantasy/dragon-goes-house-hunting,2026-05-11
https://www.dearmanga.com/action/lady-snowblood,2026-05-11
https://www.dearmanga.com/fantasy/tanya-evil,2026-05-11
https://www.dearmanga.com/romance/boarding-school-juliet,2026-05-11
https://www.dearmanga.com/romance/love-me-love-me-not,2026-05-11
https://www.dearmanga.com/sci-fi/gundam-the-origin,2026-05-11
https://www.dearmanga.com/sports/yowamushi-pedal,2026-05-11
https://www.dearmanga.com/romance/marriage-of-convenience,2026-05-11
https://www.dearmanga.com/slice-of-life/quest-for-the-missing-girl,2026-05-11
https://www.dearmanga.com/sci-fi/serial-experiments-lain,2026-05-11
https://www.dearmanga.com/action/arago,2026-05-11
https://www.dearmanga.com/horror/orochi,2026-05-11
https://www.dearmanga.com/romance/high-school-debut,2026-05-11
https://www.dearmanga.com/sci-fi/mahoromatic,2026-05-11
https://www.dearmanga.com/slice-of-life/komi-cant-communicate,2026-05-11
https://www.dearmanga.com/action/nura-rise-of-the-yokai-clan,2026-05-11
https://www.dearmanga.com/action/sket-dance,2026-05-11
https://www.dearmanga.com/action/yu-yu-hakusho,2026-05-11
https://www.dearmanga.com/action/ayako,2026-05-11
https://www.dearmanga.com/action/unordinary,2026-05-11
https://www.dearmanga.com/fantasy/kobato,2026-05-11
https://www.dearmanga.com/horror/black-paradox,2026-05-11
https://www.dearmanga.com/romance/failed-princesses,2026-05-11
https://www.dearmanga.com/sci-fi/7-billion-needles,2026-05-11
https://www.dearmanga.com/horror/dusk-maiden-of-amnesia,2026-05-11
https://www.dearmanga.com/romance/our-happy-hours,2026-05-11
https://www.dearmanga.com/sports/skate-leading-stars,2026-05-11
https://www.dearmanga.com/fantasy/re-zero,2026-05-11
https://www.dearmanga.com/slice-of-life/skip-and-loafer,2026-05-11
https://www.dearmanga.com/romance/whisper-me-a-love-song,2026-05-11
https://www.dearmanga.com/horror/prophecy,2026-05-11
https://www.dearmanga.com/romance/my-love-story,2026-05-11
https://www.dearmanga.com/sports/mitsudomoe,2026-05-11
https://www.dearmanga.com/slice-of-life/squid-girl,2026-05-11
https://www.dearmanga.com/slice-of-life/edomae-elf,2026-05-11
https://www.dearmanga.com/action/ushio-and-tora,2026-05-11
https://www.dearmanga.com/slice-of-life/mushishi,2026-05-11
https://www.dearmanga.com/slice-of-life/downfall,2026-05-11
https://www.dearmanga.com/fantasy/mythical-detective-loki,2026-05-11
https://www.dearmanga.com/fantasy/drugstore-in-another-world,2026-05-11
https://www.dearmanga.com/romance/cherry-magic,2026-05-11
https://www.dearmanga.com/romance/fruits-basket-another,2026-05-11
https://www.dearmanga.com/romance/gorgeous-carat,2026-05-11
https://www.dearmanga.com/romance/ouran-host-club,2026-05-11
https://www.dearmanga.com/sci-fi/look-back,2026-05-11
https://www.dearmanga.com/horror/uzumaki,2026-05-11
https://www.dearmanga.com/slice-of-life/aho-girl,2026-05-11
https://www.dearmanga.com/romance/rin-ne,2026-05-11
https://www.dearmanga.com/action/spirit-circle,2026-05-11
https://www.dearmanga.com/fantasy/beast-complex,2026-05-11
https://www.dearmanga.com/horror/life-keiko,2026-05-11
https://www.dearmanga.com/romance/demon-love-spell,2026-05-11
https://www.dearmanga.com/romance/kanon,2026-05-11
https://www.dearmanga.com/slice-of-life/kodocha,2026-05-11
https://www.dearmanga.com/action/soul-eater,2026-05-11
https://www.dearmanga.com/romance/sasaki-and-miyano,2026-05-11
https://www.dearmanga.com/sci-fi/twin-spica,2026-05-11
https://www.dearmanga.com/fantasy/tales-of-wedding-rings,2026-05-11
https://www.dearmanga.com/sci-fi/swallowing-the-earth,2026-05-11
https://www.dearmanga.com/fantasy/zakuro,2026-05-11
https://www.dearmanga.com/sports/bamboo-blade,2026-05-11
https://www.dearmanga.com/slice-of-life/blue-giant-supreme,2026-05-11
https://www.dearmanga.com/slice-of-life/stargazing-dog,2026-05-11
https://www.dearmanga.com/fantasy/familiar-of-zero,2026-05-11
https://www.dearmanga.com/fantasy/in-another-world-smartphone,2026-05-11
https://www.dearmanga.com/romance/paradise-kiss,2026-05-11
https://www.dearmanga.com/fantasy/shugo-chara,2026-05-11
https://www.dearmanga.com/slice-of-life/hinamatsuri,2026-05-11
https://www.dearmanga.com/romance/bokura-ga-ita,2026-05-11
https://www.dearmanga.com/slice-of-life/wandering-son,2026-05-11
https://www.dearmanga.com/fantasy/overlord,2026-05-11
https://www.dearmanga.com/romance/my-bride-is-a-mermaid,2026-05-11
https://www.dearmanga.com/action/plunderer,2026-05-11
https://www.dearmanga.com/romance/from-far-away,2026-05-11
https://www.dearmanga.com/sports/major-2nd,2026-05-11
https://www.dearmanga.com/slice-of-life/wave-listen-to-me,2026-05-11
https://www.dearmanga.com/sports/over-the-top,2026-05-11
https://www.dearmanga.com/sports/wanna-be-strongest,2026-05-11
https://www.dearmanga.com/fantasy/i-was-reincarnated-as-the-7th-prince,2026-05-11
https://www.dearmanga.com/fantasy/didnt-i-say-make-abilities-average,2026-05-11
https://www.dearmanga.com/fantasy/vision-of-escaflowne,2026-05-11
https://www.dearmanga.com/romance/yurara,2026-05-11
https://www.dearmanga.com/sports/baby-steps,2026-05-11
https://www.dearmanga.com/sci-fi/arpeggio-of-blue-steel,2026-05-11
https://www.dearmanga.com/slice-of-life/kiniro-mosaic,2026-05-11
https://www.dearmanga.com/romance/kimi-ni-todoke,2026-05-11
https://www.dearmanga.com/sci-fi/magical-girl-spec-ops,2026-05-11
https://www.dearmanga.com/sci-fi/nausicaa,2026-05-11
https://www.dearmanga.com/slice-of-life/meguro-san,2026-05-11
https://www.dearmanga.com/romance/sugar-princess,2026-05-11
https://www.dearmanga.com/fantasy/rewrite-manga,2026-05-11
https://www.dearmanga.com/romance/nagareboshi-lens,2026-05-11
https://www.dearmanga.com/action/shamo-manga,2026-05-11
https://www.dearmanga.com/slice-of-life/kill-me-baby,2026-05-11
https://www.dearmanga.com/romance/kaze-to-ki-no-uta,2026-05-11
https://www.dearmanga.com/sci-fi/infinite-stratos,2026-05-11
https://www.dearmanga.com/sports/bring-it-on,2026-05-11
https://www.dearmanga.com/sci-fi/gundam-wing,2026-05-11
https://www.dearmanga.com/romance/skip-beat,2026-05-11
https://www.dearmanga.com/fantasy/misfit-demon-king-academy,2026-05-11
https://www.dearmanga.com/fantasy/time-stop-hero,2026-05-11
https://www.dearmanga.com/horror/dissolving-classroom,2026-05-11
https://www.dearmanga.com/fantasy/konosuba,2026-05-11
https://www.dearmanga.com/fantasy/tsubasa-reservoir-chronicle,2026-05-11
https://www.dearmanga.com/sci-fi/domu,2026-05-11
https://www.dearmanga.com/romance/tokyo-boys-girls,2026-05-11
https://www.dearmanga.com/action/tokyo-underground,2026-05-11
https://www.dearmanga.com/sports/buzzer-beater,2026-05-11
https://www.dearmanga.com/slice-of-life/non-non-biyori,2026-05-11
https://www.dearmanga.com/sports/harukana-receive,2026-05-11
https://www.dearmanga.com/action/gunslinger-girl,2026-05-11
https://www.dearmanga.com/action/orient,2026-05-11
https://www.dearmanga.com/slice-of-life/hi-score-girl,2026-05-11
https://www.dearmanga.com/action/ayashimon,2026-05-11
https://www.dearmanga.com/romance/papillon,2026-05-11
https://www.dearmanga.com/romance/kiss-him-not-me,2026-05-11
https://www.dearmanga.com/romance/his-and-her-circumstances,2026-05-11
https://www.dearmanga.com/romance/from-now-on-we-begin-ethics,2026-05-11
https://www.dearmanga.com/fantasy/farming-life-another-world,2026-05-11
https://www.dearmanga.com/action/wild-adapter,2026-05-11
https://www.dearmanga.com/fantasy/seven-deadly-sins,2026-05-11
https://www.dearmanga.com/action/mob-psycho-100,2026-05-11
https://www.dearmanga.com/sci-fi/blood-blockade-battlefront,2026-05-11
https://www.dearmanga.com/action/aoharu-machinegun,2026-05-11
https://www.dearmanga.com/romance/haganai,2026-05-11
https://www.dearmanga.com/romance/switch-girl,2026-05-11
https://www.dearmanga.com/sci-fi/girls-last-tour,2026-05-11
https://www.dearmanga.com/sports/one-pound-gospel,2026-05-11
https://www.dearmanga.com/horror/devilman-grimoire,2026-05-11
https://www.dearmanga.com/action/sengoku-youko,2026-05-11
https://www.dearmanga.com/romance/tenshi-na-konamaiki,2026-05-11
https://www.dearmanga.com/fantasy/edens-zero,2026-05-11
https://www.dearmanga.com/fantasy/otherside-picnic,2026-05-11
https://www.dearmanga.com/fantasy/vampire-game,2026-05-11
https://www.dearmanga.com/romance/actually-i-am,2026-05-11
https://www.dearmanga.com/sci-fi/dead-dead-demons,2026-05-11
https://www.dearmanga.com/romance/to-love-ru-darkness,2026-05-11
https://www.dearmanga.com/sports/cross-game,2026-05-11
https://www.dearmanga.com/sports/kono-oto-tomare,2026-05-11
https://www.dearmanga.com/action/grenadier,2026-05-11
https://www.dearmanga.com/sci-fi/heavenly-delusion,2026-05-11
https://www.dearmanga.com/fantasy/slime-isekai,2026-05-11
https://www.dearmanga.com/romance/tis-time-for-torture-princess,2026-05-11
https://www.dearmanga.com/romance/wallflower,2026-05-11
https://www.dearmanga.com/slice-of-life/blend-s,2026-05-11
https://www.dearmanga.com/horror/my-broken-mariko,2026-05-11
https://www.dearmanga.com/romance/the-world-god-only-knows,2026-05-11
https://www.dearmanga.com/slice-of-life/aggretsuko,2026-05-11
https://www.dearmanga.com/slice-of-life/onward-towards-our-noble-deaths,2026-05-11
https://www.dearmanga.com/fantasy/magical-revolution-reincarnated-princess,2026-05-11
https://www.dearmanga.com/action/im-standing-on-a-million-lives,2026-05-11
https://www.dearmanga.com/action/history-strongest-disciple-kenichi,2026-05-11
https://www.dearmanga.com/action/the-eminence-in-shadow,2026-05-11
https://www.dearmanga.com/fantasy/alice-in-the-country-of-hearts,2026-05-11
https://www.dearmanga.com/fantasy/cheat-skill-another-world,2026-05-11
https://www.dearmanga.com/fantasy/heroic-legend-of-arslan,2026-05-11
https://www.dearmanga.com/fantasy/high-school-prodigies,2026-05-11
https://www.dearmanga.com/fantasy/mahou-sensei-negima,2026-05-11
https://www.dearmanga.com/fantasy/yona-of-the-dawn,2026-05-11
https://www.dearmanga.com/romance/blue-flag,2026-05-11
https://www.dearmanga.com/romance/chibi-vampire,2026-05-11
https://www.dearmanga.com/sci-fi/ikigami,2026-05-11
https://www.dearmanga.com/slice-of-life/wagnaria2,2026-05-11
https://www.dearmanga.com/action/dragon-ball-super,2026-05-11
https://www.dearmanga.com/action/act-age,2026-05-11
https://www.dearmanga.com/romance/higehiro,2026-05-11
https://www.dearmanga.com/slice-of-life/ryuuou-no-oshigoto,2026-05-11
https://www.dearmanga.com/sports/slow-loop,2026-05-11
https://www.dearmanga.com/sports/mountaineering-girl,2026-05-11
https://www.dearmanga.com/romance/ultra-maniac,2026-05-11
https://www.dearmanga.com/action/golgo-13,2026-05-11
https://www.dearmanga.com/romance/even-though-were-adults,2026-05-11
https://www.dearmanga.com/action/classroom-of-the-elite,2026-05-11
https://www.dearmanga.com/fantasy/witch-watch,2026-05-11
https://www.dearmanga.com/fantasy/bloody-cross,2026-05-11
https://www.dearmanga.com/slice-of-life/cat-and-gamer,2026-05-11
https://www.dearmanga.com/fantasy/requiem-rose-king,2026-05-11
https://www.dearmanga.com/fantasy/wolf-parchment,2026-05-11
https://www.dearmanga.com/slice-of-life/satoko-and-nada,2026-05-11
https://www.dearmanga.com/romance/story-of-saiunkoku,2026-05-11
https://www.dearmanga.com/sci-fi/guilty-crown,2026-05-11
https://www.dearmanga.com/action/samurai-executioner,2026-05-11
https://www.dearmanga.com/slice-of-life/aqua-manga,2026-05-11
https://www.dearmanga.com/sports/ashita-no-joe,2026-05-11
https://www.dearmanga.com/fantasy/fate-stay-night,2026-05-10
https://www.dearmanga.com/action/level-e,2026-05-10
https://www.dearmanga.com/action/psyren,2026-05-10
https://www.dearmanga.com/romance/tramps-like-us,2026-05-10
https://www.dearmanga.com/action/phantom-seer,2026-05-10
https://www.dearmanga.com/fantasy/ascendance-of-a-bookworm,2026-05-10
https://www.dearmanga.com/romance/sora-no-otoshimono,2026-05-10
https://www.dearmanga.com/romance/orange,2026-05-10
https://www.dearmanga.com/sci-fi/eden-endless-world,2026-05-10
https://www.dearmanga.com/action/the-fable,2026-05-10
https://www.dearmanga.com/fantasy/accomplishments-of-the-dukes-daughter,2026-05-10
https://www.dearmanga.com/romance/kare-first-love,2026-05-10
https://www.dearmanga.com/romance/nana,2026-05-10
https://www.dearmanga.com/action/gto-manga,2026-05-10
https://www.dearmanga.com/action/magical-girl-ore,2026-05-10
https://www.dearmanga.com/horror/basilisk,2026-05-10
https://www.dearmanga.com/slice-of-life/ima-koi,2026-05-10
https://www.dearmanga.com/fantasy/iruma-kun,2026-05-10
https://www.dearmanga.com/romance/hana-to-akuma,2026-05-10
https://www.dearmanga.com/action/bungou-stray-dogs,2026-05-10
https://www.dearmanga.com/sci-fi/guyver,2026-05-10
https://www.dearmanga.com/slice-of-life/lucky-star,2026-05-10
https://www.dearmanga.com/romance/demon-prince-momochi-house,2026-05-10
https://www.dearmanga.com/slice-of-life/nodame-cantabile,2026-05-10
https://www.dearmanga.com/action/sword-art-online-girls-ops,2026-05-10
https://www.dearmanga.com/sports/yuri-on-ice,2026-05-10
https://www.dearmanga.com/slice-of-life/yokohama-shopping-log,2026-05-10
https://www.dearmanga.com/sports/kuroko-extra-game,2026-05-10
https://www.dearmanga.com/horror/death-note,2026-05-10
https://www.dearmanga.com/action/saiki-k,2026-05-10
https://www.dearmanga.com/fantasy/monster-girl-doctor,2026-05-10
https://www.dearmanga.com/action/mashle,2026-05-10
https://www.dearmanga.com/action/platinum-end,2026-05-10
https://www.dearmanga.com/action/black-lagoon,2026-05-10
https://www.dearmanga.com/sports/all-out,2026-05-10
https://www.dearmanga.com/fantasy/poe-clan,2026-05-10
https://www.dearmanga.com/horror/venus-in-the-blind-spot,2026-05-10
https://www.dearmanga.com/slice-of-life/shimeji-simulation,2026-05-10
https://www.dearmanga.com/sci-fi/liar-game,2026-05-10
https://www.dearmanga.com/fantasy/x1999,2026-05-10
https://www.dearmanga.com/horror/panorama-of-hell,2026-05-10
https://www.dearmanga.com/romance/yuri-is-my-job,2026-05-10
https://www.dearmanga.com/fantasy/sword-art-online,2026-05-10
https://www.dearmanga.com/horror/sensor-junji-ito,2026-05-10
https://www.dearmanga.com/sports/hajime-no-ippo,2026-05-10
https://www.dearmanga.com/sci-fi/future-diary,2026-05-10
https://www.dearmanga.com/romance/days-stepsister,2026-05-10
https://www.dearmanga.com/action/medaka-box,2026-05-10
https://www.dearmanga.com/action/gamaran,2026-05-10
https://www.dearmanga.com/action/ya-boy-kongming,2026-05-10
https://www.dearmanga.com/sports/dear-boys,2026-05-10
https://www.dearmanga.com/fantasy/worlds-finest-assassin-reincarnated,2026-05-10
https://www.dearmanga.com/romance/girlfriend-girlfriend,2026-05-10
https://www.dearmanga.com/fantasy/witch-craft-works,2026-05-10
https://www.dearmanga.com/action/helck,2026-05-10
https://www.dearmanga.com/romance/tsubaki-chou-lonely-planet,2026-05-10
https://www.dearmanga.com/sci-fi/sanctuary,2026-05-10
https://www.dearmanga.com/sports/hanebado,2026-05-10
https://www.dearmanga.com/sports/yawara,2026-05-10
https://www.dearmanga.com/action/my-hero-academia-team-up-missions,2026-05-10
https://www.dearmanga.com/fantasy/princess-tutu,2026-05-10
https://www.dearmanga.com/romance/beauty-pop,2026-05-09
https://www.dearmanga.com/romance/the-100-girlfriends,2026-05-09
https://www.dearmanga.com/action/taboo-tattoo,2026-05-09
https://www.dearmanga.com/horror/the-summit-of-the-gods,2026-05-09
https://www.dearmanga.com/action/kengan-ashura,2026-05-09
https://www.dearmanga.com/slice-of-life/my-lesbian-experience-with-loneliness,2026-05-09
https://www.dearmanga.com/horror/descendants-of-darkness,2026-05-09
https://www.dearmanga.com/slice-of-life/a-certain-scientific-railgun,2026-05-09
https://www.dearmanga.com/slice-of-life/akebi-sailor-uniform,2026-05-09
https://www.dearmanga.com/romance/here-is-greenwood,2026-05-09
https://www.dearmanga.com/slice-of-life/play-it-cool-guys,2026-05-09
https://www.dearmanga.com/action/attack-on-titan-before-the-fall,2026-05-09
https://www.dearmanga.com/action/king-of-bandit-jing,2026-05-09
https://www.dearmanga.com/horror/alice-in-borderland,2026-05-09
https://www.dearmanga.com/sci-fi/gurren-lagann,2026-05-09
https://www.dearmanga.com/slice-of-life/wotakoi,2026-05-09
https://www.dearmanga.com/slice-of-life/one-fine-day,2026-05-09
https://www.dearmanga.com/romance/the-devil-does-exist,2026-05-09
https://www.dearmanga.com/fantasy/best-student-council,2026-05-09
https://www.dearmanga.com/romance/we-never-learn,2026-05-09
https://www.dearmanga.com/romance/tenshi-ja-nai,2026-05-09
https://www.dearmanga.com/romance/prism-manga,2026-05-09
https://www.dearmanga.com/fantasy/the-young-magician,2026-05-09
https://www.dearmanga.com/horror/confidential-confessions,2026-05-09
https://www.dearmanga.com/action/tokyo-tribes,2026-05-09
https://www.dearmanga.com/romance/bride-of-the-water-god,2026-05-09
https://www.dearmanga.com/action/peacemaker-kurogane,2026-05-09
https://www.dearmanga.com/romance/shinobi-life,2026-05-09
https://www.dearmanga.com/romance/narue-no-sekai,2026-05-09
https://www.dearmanga.com/action/black-god,2026-05-09
https://www.dearmanga.com/fantasy/mugen-spiral,2026-05-09
https://www.dearmanga.com/slice-of-life/suppli,2026-05-09
https://www.dearmanga.com/romance/boys-next-door,2026-05-09
https://www.dearmanga.com/romance/nozoki-ana,2026-05-09
https://www.dearmanga.com/romance/portrait-of-m-and-n,2026-05-09
https://www.dearmanga.com/romance/marmalade-boy-little,2026-05-09
https://www.dearmanga.com/action/blank-slate,2026-05-09
https://www.dearmanga.com/fantasy/magical-pokemon-journey,2026-05-09
https://www.dearmanga.com/romance/gaba-kawa,2026-05-09
https://www.dearmanga.com/fantasy/legend,2026-05-09
https://www.dearmanga.com/action/arm-of-kannon,2026-05-09
https://www.dearmanga.com/fantasy/tokyo-mew-mew-new,2026-05-09
https://www.dearmanga.com/romance/moe-kare,2026-05-09
https://www.dearmanga.com/romance/sundome,2026-05-09
https://www.dearmanga.com/slice-of-life/gokinjo-monogatari,2026-05-09
https://www.dearmanga.com/romance/ichigenme-the-first-class,2026-05-09
https://www.dearmanga.com/romance/mixed-vegetables,2026-05-09
https://www.dearmanga.com/slice-of-life/kamikaze-girls,2026-05-09
https://www.dearmanga.com/fantasy/tsubasa-spring-thunder,2026-05-09
https://www.dearmanga.com/fantasy/le-chevalier-deon,2026-05-09
https://www.dearmanga.com/romance/pretty-face,2026-05-09
https://www.dearmanga.com/action/suikoden-III-manga,2026-05-09
https://www.dearmanga.com/horror/model-manhwa,2026-05-09
https://www.dearmanga.com/romance/ultra-cute,2026-05-09
https://www.dearmanga.com/slice-of-life/zodiac-pi,2026-05-09
https://www.dearmanga.com/action/tokyo-crazy-paradise,2026-05-09
https://www.dearmanga.com/action/battle-vixens,2026-05-09
https://www.dearmanga.com/fantasy/demon-diary,2026-05-09
https://www.dearmanga.com/sci-fi/seraphic-feather,2026-05-09
https://www.dearmanga.com/action/red-hot-chili-samurai,2026-05-09
https://www.dearmanga.com/fantasy/magic-knight-rayearth,2026-05-09
https://www.dearmanga.com/romance/happy-go-lucky-days,2026-05-09
https://www.dearmanga.com/romance/stepping-on-roses,2026-05-08
https://www.dearmanga.com/horror/helter-skelter,2026-05-08
https://www.dearmanga.com/action/attack-on-titan,2026-05-08
https://www.dearmanga.com/romance/dears,2026-05-08
https://www.dearmanga.com/romance/please-twins,2026-05-08
https://www.dearmanga.com/sci-fi/flcl,2026-05-08
https://www.dearmanga.com/action/black-rock-shooter,2026-05-08
https://www.dearmanga.com/fantasy/dragon-knights,2026-05-08
https://www.dearmanga.com/horror/the-flowers-of-evil,2026-05-08
https://www.dearmanga.com/sci-fi/cowboy-bebop-shooting-star,2026-05-08
https://www.dearmanga.com/action/afro-samurai,2026-05-08
https://www.dearmanga.com/action/big-order,2026-05-08
https://www.dearmanga.com/action/kagerou-daze,2026-05-08
https://www.dearmanga.com/fantasy/grimgar-of-fantasy-and-ash,2026-05-08
https://www.dearmanga.com/fantasy/oriko-magica,2026-05-08
https://www.dearmanga.com/romance/boys-be,2026-05-08
https://www.dearmanga.com/romance/listen-to-me-girls-papa,2026-05-08
https://www.dearmanga.com/sci-fi/dna2,2026-05-08
https://www.dearmanga.com/action/angel-heart,2026-05-08
https://www.dearmanga.com/fantasy/blade-dance-elementalers,2026-05-08
https://www.dearmanga.com/fantasy/negima,2026-05-08
https://www.dearmanga.com/fantasy/tales-of-the-abyss,2026-05-08
https://www.dearmanga.com/horror/danganronpa,2026-05-08
https://www.dearmanga.com/romance/sakura-wars,2026-05-08
https://www.dearmanga.com/romance/samurai-harem,2026-05-08
https://www.dearmanga.com/slice-of-life/isekai-izakaya,2026-05-08
https://www.dearmanga.com/action/jungle-emperor-leo,2026-05-08
https://www.dearmanga.com/action/peacock-king,2026-05-08
https://www.dearmanga.com/action/vampire-tezuka,2026-05-08
https://www.dearmanga.com/fantasy/are-you-alice,2026-05-08
https://www.dearmanga.com/romance/a-cruel-god-reigns,2026-05-08
https://www.dearmanga.com/romance/miracle-girls,2026-05-08
https://www.dearmanga.com/romance/peach-heaven,2026-05-08
https://www.dearmanga.com/slice-of-life/eizouken,2026-05-08
https://www.dearmanga.com/action/naruto-seventh-hokage,2026-05-08
https://www.dearmanga.com/fantasy/moon-phase,2026-05-08
https://www.dearmanga.com/sci-fi/dr-stone-reboot-byakuya,2026-05-08
https://www.dearmanga.com/action/samurai-champloo,2026-05-08
https://www.dearmanga.com/action/crossbone-gundam,2026-05-08
https://www.dearmanga.com/sci-fi/ghost-in-the-shell-stand-alone-complex,2026-05-08
https://www.dearmanga.com/romance/please-teacher,2026-05-08
https://www.dearmanga.com/action/hallelujah-overdrive,2026-05-08
https://www.dearmanga.com/horror/spiral-the-bonds-of-reasoning,2026-05-08
https://www.dearmanga.com/action/persona-4,2026-05-08
https://www.dearmanga.com/sci-fi/outlanders,2026-05-08
https://www.dearmanga.com/fantasy/sword-art-online-alicization,2026-05-08
https://www.dearmanga.com/fantasy/the-8th-son,2026-05-08
https://www.dearmanga.com/action/mahjong-hourouki,2026-05-07
https://www.dearmanga.com/historical/ashi-girl,2026-05-07
https://www.dearmanga.com/historical/ooi-ryoma,2026-05-07
https://www.dearmanga.com/slice-of-life/dokonjo-gaeru,2026-05-07
https://www.dearmanga.com/sports/ring-ni-kakero-2,2026-05-07
https://www.dearmanga.com/action/bukko-no-taku,2026-05-07
https://www.dearmanga.com/action/gambler-jiko-chuushinha,2026-05-07
https://www.dearmanga.com/action/gin-to-kin,2026-05-07
https://www.dearmanga.com/action/uchihime-obakamiko,2026-05-07
https://www.dearmanga.com/slice-of-life/bimi-reisan,2026-05-07
https://www.dearmanga.com/action/fatal-fury,2026-05-07
https://www.dearmanga.com/action/naki-no-ryu,2026-05-07
https://www.dearmanga.com/action/toupai,2026-05-07
https://www.dearmanga.com/fantasy/kaiouki,2026-05-07
https://www.dearmanga.com/slice-of-life/moretsu-ataro,2026-05-07
https://www.dearmanga.com/slice-of-life/nanairo-inko,2026-05-07
https://www.dearmanga.com/slice-of-life/tetsunabe-no-jan,2026-05-07
https://www.dearmanga.com/sports/kamigami-no-itadaki,2026-05-07
https://www.dearmanga.com/historical/jin-manga,2026-05-07
https://www.dearmanga.com/sports/over-drive,2026-05-07
https://www.dearmanga.com/sports/rikudo,2026-05-07
https://www.dearmanga.com/sports/bb-ishiwata,2026-05-07
https://www.dearmanga.com/sports/haruka-17,2026-05-07
https://www.dearmanga.com/slice-of-life/tetsunabe-no-jan-r,2026-05-07
https://www.dearmanga.com/sports/wataru-ga-pyun,2026-05-07
https://www.dearmanga.com/fantasy/gekkou-jourei,2026-05-07
https://www.dearmanga.com/action/yuyake-bancho,2026-05-07
https://www.dearmanga.com/action/hakuryuu,2026-05-07
https://www.dearmanga.com/slice-of-life/yugami-kun,2026-05-07
https://www.dearmanga.com/action/tenpai,2026-05-07
https://www.dearmanga.com/action/sailor-fuku-to-kikanjuu,2026-05-07
https://www.dearmanga.com/horror/kasane,2026-05-07
https://www.dearmanga.com/historical/nobunaga-no-shinobi,2026-05-07
https://www.dearmanga.com/slice-of-life/shokuking,2026-05-07
https://www.dearmanga.com/action/mukobuchi,2026-05-07
https://www.dearmanga.com/sports/shakariki,2026-05-07
https://www.dearmanga.com/sci-fi/ginga-no-sannin,2026-05-07
https://www.dearmanga.com/slice-of-life/kuishinbo,2026-05-07
https://www.dearmanga.com/action/mogura-no-uta,2026-05-07
https://www.dearmanga.com/horror/zeni-geba,2026-05-07
https://www.dearmanga.com/sports/jaja,2026-05-07
https://www.dearmanga.com/historical/nobunaga-no-chef,2026-05-07
https://www.dearmanga.com/historical/onihei-hankacho,2026-05-07
https://www.dearmanga.com/sports/five-basketball,2026-05-07
https://www.dearmanga.com/slice-of-life/kabachitare,2026-05-07
https://www.dearmanga.com/sports/1-2-no-sanshiro,2026-05-07
https://www.dearmanga.com/sports/tabuchi-kun,2026-05-06
https://www.dearmanga.com/sports/shojo-fight,2026-05-06
https://www.dearmanga.com/slice-of-life/ningen-domo-atsumare,2026-05-06
https://www.dearmanga.com/romance/suna-no-shiro,2026-05-06
https://www.dearmanga.com/slice-of-life/doubutsu-no-oisha-san,2026-05-06
https://www.dearmanga.com/sports/haikyuu,2026-05-06
https://www.dearmanga.com/slice-of-life/gourmet-detective-akechi,2026-05-06
https://www.dearmanga.com/romance/kurosaki-kun,2026-05-06
https://www.dearmanga.com/sports/dotsuitare,2026-05-06
https://www.dearmanga.com/romance/mei-chan-no-shitsuji,2026-05-06
https://www.dearmanga.com/fantasy/papuwa-kun,2026-05-06
https://www.dearmanga.com/action/tekken-chinmi,2026-05-06
https://www.dearmanga.com/fantasy/onmyoji-manga,2026-05-06
https://www.dearmanga.com/fantasy/wata-no-kuni-hoshi,2026-05-06
https://www.dearmanga.com/historical/chi-earth-motion,2026-05-06
https://www.dearmanga.com/romance/kimagure-orange-road,2026-05-06
https://www.dearmanga.com/romance/p-to-jk,2026-05-06
https://www.dearmanga.com/sci-fi/gin-no-sankaku,2026-05-06
https://www.dearmanga.com/slice-of-life/osomatsu-kun,2026-05-06
https://www.dearmanga.com/sports/yakyuukyo-no-uta,2026-05-06
https://www.dearmanga.com/action/gorillaman,2026-05-06
https://www.dearmanga.com/action/otokozaka,2026-05-06
https://www.dearmanga.com/fantasy/hime-chan-no-ribbon,2026-05-06
https://www.dearmanga.com/historical/nobunaga-concerto,2026-05-06
https://www.dearmanga.com/romance/stop-hibari-kun,2026-05-06
https://www.dearmanga.com/romance/tenshi-nanka-janai,2026-05-06
https://www.dearmanga.com/slice-of-life/houchoumin-ajihei,2026-05-06
https://www.dearmanga.com/slice-of-life/kachou-shima-kosaku,2026-05-06
https://www.dearmanga.com/slice-of-life/patariro,2026-05-06
https://www.dearmanga.com/slice-of-life/utsuru-n-desu,2026-05-06
https://www.dearmanga.com/sports/cherry-project,2026-05-06
https://www.dearmanga.com/sports/dokaben-pro-yakyuhen,2026-05-06
https://www.dearmanga.com/sports/kyudo-kun,2026-05-06
https://www.dearmanga.com/sports/ore-tachi-no-field,2026-05-06
https://www.dearmanga.com/action/shura-no-toki,2026-05-06
https://www.dearmanga.com/romance/japonesque,2026-05-06
https://www.dearmanga.com/romance/mari-to-shingo,2026-05-06
https://www.dearmanga.com/slice-of-life/gaki-deka,2026-05-06
https://www.dearmanga.com/slice-of-life/midnight-diner,2026-05-06
https://www.dearmanga.com/sports/tsuri-kichi-sanpei,2026-05-06
https://www.dearmanga.com/fantasy/futari-wa-precure,2026-05-06
https://www.dearmanga.com/action/zero,2026-05-06
https://www.dearmanga.com/,2026-05-05
https://www.dearmanga.com/action/otoko-ippiki-gaki-daisho,2026-05-04
https://www.dearmanga.com/fantasy/perman,2026-05-04
https://www.dearmanga.com/sci-fi/genma-taisen,2026-05-04
https://www.dearmanga.com/slice-of-life/macaroni-houren-sou,2026-05-04
https://www.dearmanga.com/slice-of-life/tonde-saitama,2026-05-04
https://www.dearmanga.com/slice-of-life/tondemo-kun,2026-05-04
https://www.dearmanga.com/sports/kyojin-no-hoshi,2026-05-04
https://www.dearmanga.com/sports/otoko-doahou-koshien,2026-05-04
https://www.dearmanga.com/sports/tiger-mask,2026-05-04
https://www.dearmanga.com/sports/pro-golfer-saru,2026-05-04
https://www.dearmanga.com/action/prison-school,2026-05-04
https://www.dearmanga.com/action/chameleon,2026-05-04
https://www.dearmanga.com/action/otokojuku,2026-05-04
https://www.dearmanga.com/action/kyo-kara-ore-wa,2026-05-04
https://www.dearmanga.com/historical/farao-no-haka,2026-05-04
https://www.dearmanga.com/horror/matarou-ga-kuru,2026-05-04
https://www.dearmanga.com/slice-of-life/ningen-konchuki,2026-05-04
https://www.dearmanga.com/slice-of-life/shonen-ashibe,2026-05-04
https://www.dearmanga.com/sports/absan,2026-05-04
https://www.dearmanga.com/historical/iga-no-kagemaru,2026-05-04
https://www.dearmanga.com/sci-fi/hyakuoku-no-hiru,2026-05-04
https://www.dearmanga.com/sports/subaru,2026-05-04
https://www.dearmanga.com/fantasy/esper-mami,2026-05-04
https://www.dearmanga.com/fantasy/himitsu-no-akko-chan,2026-05-04
https://www.dearmanga.com/sports/samurai-giants,2026-05-04
https://www.dearmanga.com/romance/bara-no-tame-ni,2026-05-04
https://www.dearmanga.com/sci-fi/galaxy-express-999,2026-05-04
https://www.dearmanga.com/sports/astro-kyudan,2026-05-04
https://www.dearmanga.com/sports/rookies,2026-05-04
https://www.dearmanga.com/historical/hana-no-keiji,2026-05-04
https://www.dearmanga.com/historical/hyouge-mono,2026-05-04
https://www.dearmanga.com/horror/kyofu-shinbun,2026-05-04
https://www.dearmanga.com/romance/futari-ecchi,2026-05-04
https://www.dearmanga.com/slice-of-life/kimen-gumi,2026-05-04
https://www.dearmanga.com/sports/ace-wo-nerae,2026-05-04
https://www.dearmanga.com/action/ranma,2026-05-04
https://www.dearmanga.com/historical/hagure-kumo,2026-05-04
https://www.dearmanga.com/slice-of-life/tensai-bakabon,2026-05-04
https://www.dearmanga.com/sports/dokaben-super-stars,2026-05-04
https://www.dearmanga.com/romance/jajabako-groomin,2026-05-04
https://www.dearmanga.com/fantasy/kaibutsu-kun,2026-05-04
https://www.dearmanga.com/sci-fi/21-emon,2026-05-04
https://www.dearmanga.com/fantasy/obake-no-q-taro,2026-05-04
https://www.dearmanga.com/sci-fi/8-man,2026-05-04
https://www.dearmanga.com/action/harenchi-gakuen,2026-05-04
https://www.dearmanga.com/sci-fi/jaco,2026-05-03
https://www.dearmanga.com/action/zettai-karen-children,2026-05-03
https://www.dearmanga.com/fantasy/sally-the-witch,2026-05-03
https://www.dearmanga.com/action/futari-taka,2026-05-03
https://www.dearmanga.com/sports/captain-manga,2026-05-03
https://www.dearmanga.com/sports/play-ball,2026-05-03
https://www.dearmanga.com/action/ginga-nagareboshi-gin,2026-05-03
https://www.dearmanga.com/action/world-is-mine,2026-05-03
https://www.dearmanga.com/historical/kamui-den,2026-05-03
https://www.dearmanga.com/historical/kamui-gaiden,2026-05-03
https://www.dearmanga.com/romance/the-pumpkin-wine,2026-05-03
https://www.dearmanga.com/fantasy/kamakura-story,2026-05-03
https://www.dearmanga.com/horror/balbora,2026-05-03
https://www.dearmanga.com/slice-of-life/gekiga-hyoryu,2026-05-03
https://www.dearmanga.com/sports/dokaben,2026-05-03
https://www.dearmanga.com/sports/ring-ni-kakero,2026-05-03
https://www.dearmanga.com/sports/submarine-707,2026-05-03
https://www.dearmanga.com/action/garouden,2026-05-03
https://www.dearmanga.com/fantasy/juuichinin-iru,2026-05-03
https://www.dearmanga.com/historical/mibugishiden,2026-05-03
https://www.dearmanga.com/sci-fi/babel-ii,2026-05-03
https://www.dearmanga.com/slice-of-life/otoko-oidon,2026-05-03
https://www.dearmanga.com/sports/circuit-no-okami,2026-05-03
https://www.dearmanga.com/sports/kotaro-makaritoru,2026-05-03
https://www.dearmanga.com/action/blazing-transfer-student,2026-05-03
https://www.dearmanga.com/historical/hidamari-no-ki,2026-05-03
https://www.dearmanga.com/romance/short-program,2026-05-03
https://www.dearmanga.com/slice-of-life/nasu,2026-05-03
https://www.dearmanga.com/sports/judo-club-story,2026-05-03
https://www.dearmanga.com/romance/rough,2026-05-03
https://www.dearmanga.com/slice-of-life/golden-lucky,2026-05-03
https://www.dearmanga.com/action/black-angels,2026-05-03
https://www.dearmanga.com/action/cobra,2026-05-03
https://www.dearmanga.com/slice-of-life/manga-michi,2026-05-03
https://www.dearmanga.com/slice-of-life/naniwa-kinyu-do,2026-05-03
https://www.dearmanga.com/slice-of-life/ore-no-sora,2026-05-03
https://www.dearmanga.com/sports/dai-koshien,2026-05-03
https://www.dearmanga.com/sports/ganbare-genki,2026-05-03
https://www.dearmanga.com/sci-fi/three-eyed-one,2026-05-03
https://www.dearmanga.com/action/eko-eko-azarak,2026-05-03
https://www.dearmanga.com/action/shura-no-mon,2026-05-03
https://www.dearmanga.com/sports/ore-wa-teppei,2026-05-03
https://www.dearmanga.com/fantasy/unico,2026-05-03
https://www.dearmanga.com/historical/ninja-bugeicho,2026-05-03
https://www.dearmanga.com/fantasy/chainsaw-man,2026-05-02
https://www.dearmanga.com/sci-fi/billy-bat,2026-05-02
https://www.dearmanga.com/slice-of-life/makoto-chan,2026-05-01
https://www.dearmanga.com/sports/happy-urasawa,2026-05-01
https://www.dearmanga.com/fantasy/sao-progressive,2026-05-01
https://www.dearmanga.com/action/qed,2026-05-01
https://www.dearmanga.com/action/young-miss-holmes,2026-05-01
https://www.dearmanga.com/historical/fuunji-tachi,2026-05-01
https://www.dearmanga.com/action/tetsuya,2026-05-01
https://www.dearmanga.com/action/worst,2026-05-01
https://www.dearmanga.com/action/detective-school-q,2026-05-01
https://www.dearmanga.com/romance/gals,2026-05-01
https://www.dearmanga.com/slice-of-life/ushijima-loan-shark,2026-05-01
https://www.dearmanga.com/sports/gaku,2026-05-01
https://www.dearmanga.com/slice-of-life/tsurumoku-dokusin-ryou,2026-05-01
https://www.dearmanga.com/slice-of-life/free-and-easy,2026-05-01
https://www.dearmanga.com/slice-of-life/solitary-gourmet,2026-05-01
https://www.dearmanga.com/slice-of-life/shota-no-sushi,2026-05-01
https://www.dearmanga.com/horror/golden-gold,2026-05-01
https://www.dearmanga.com/romance/ai-to-makoto,2026-05-01
https://www.dearmanga.com/slice-of-life/lazy-pair,2026-05-01
https://www.dearmanga.com/action/daigo-of-fire,2026-05-01
https://www.dearmanga.com/slice-of-life/sazae-san,2026-05-01
https://www.dearmanga.com/action/juncket-bank,2026-05-01
https://www.dearmanga.com/sports/gamba-fly-high,2026-05-01
https://www.dearmanga.com/slice-of-life/ramen-discovery-legend,2026-05-01
https://www.dearmanga.com/action/wild-7,2026-05-01
https://www.dearmanga.com/romance/yankee-kun-megane-chan,2026-05-01
https://www.dearmanga.com/slice-of-life/angel-bank,2026-05-01
https://www.dearmanga.com/slice-of-life/maicching-machiko,2026-05-01
https://www.dearmanga.com/action/young-black-jack,2026-05-01
https://www.dearmanga.com/action/sukeban-deka,2026-05-01
https://www.dearmanga.com/slice-of-life/cooking-papa,2026-05-01
https://www.dearmanga.com/action/rokudenashi-blues,2026-05-01
https://www.dearmanga.com/sci-fi/choujin-locke,2026-05-01
https://www.dearmanga.com/slice-of-life/supernatural-battles,2026-05-01
https://www.dearmanga.com/action/crows,2026-05-01
https://www.dearmanga.com/slice-of-life/tailor-of-the-king,2026-05-01
https://www.dearmanga.com/slice-of-life/black-jack-creators-secret,2026-05-01
https://www.dearmanga.com/action/dirty-pair,2026-05-01
https://www.dearmanga.com/slice-of-life/mainichi-kaasan,2026-05-01
https://www.dearmanga.com/slice-of-life/umimachi-diary,2026-05-01
https://www.dearmanga.com/slice-of-life/bartender,2026-05-01
https://www.dearmanga.com/sports/sanpei-the-fisherman,2026-05-01
https://www.dearmanga.com/slice-of-life/police-in-a-pod,2026-05-01
https://www.dearmanga.com/slice-of-life/tokujou-kabachi,2026-05-01
https://www.dearmanga.com/slice-of-life/dame-oyaji,2026-05-01
https://www.dearmanga.com/historical/asaki-yumemishi,2026-05-01
https://www.dearmanga.com/slice-of-life/jarinko-chie,2026-05-01
https://www.dearmanga.com/romance/citrus-manga,2026-05-01
https://www.dearmanga.com/sci-fi/toward-the-terra,2026-05-01
https://www.dearmanga.com/horror/kuro-manga,2026-05-01
https://www.dearmanga.com/romance/boku-girl,2026-04-30
https://www.dearmanga.com/slice-of-life/always-sunset-on-third-street,2026-04-30
https://www.dearmanga.com/action/gto-paradise-lost,2026-04-30
https://www.dearmanga.com/romance/strobe-edge,2026-04-30
https://www.dearmanga.com/sci-fi/darling-in-the-franxx,2026-04-30
https://www.dearmanga.com/romance/in-another-life,2026-04-30
https://www.dearmanga.com/historical/sengoku,2026-04-30
https://www.dearmanga.com/romance/water-flows-to-the-sea,2026-04-30
https://www.dearmanga.com/action/kinnikuman,2026-04-30
https://www.dearmanga.com/romance/ao-no-hako,2026-04-30
https://www.dearmanga.com/slice-of-life/kochikame,2026-04-30
https://www.dearmanga.com/historical/cesare,2026-04-30
https://www.dearmanga.com/horror/strange-house,2026-04-30
https://www.dearmanga.com/action/do-not-say-mystery,2026-04-30
https://www.dearmanga.com/slice-of-life/odd-taxi,2026-04-30
https://www.dearmanga.com/slice-of-life/i-want-to-wear-your-clothes,2026-04-30
https://www.dearmanga.com/romance/miyuki,2026-04-30
https://www.dearmanga.com/slice-of-life/the-road-to-manga,2026-04-30
https://www.dearmanga.com/romance/haikara-san,2026-04-30
https://www.dearmanga.com/slice-of-life/dr-koto-clinic,2026-04-30
https://www.dearmanga.com/action/lycoris-recoil,2026-04-30
https://www.dearmanga.com/romance/kaguya-sama-love-is-war,2026-04-30
https://www.dearmanga.com/romance/blue-spring-ride,2026-04-30
https://www.dearmanga.com/slice-of-life/dragon-zakura,2026-04-30
https://www.dearmanga.com/historical/prince-of-the-dawn,2026-04-30
https://www.dearmanga.com/slice-of-life/hayate-the-combat-butler,2026-04-30
https://www.dearmanga.com/sports/aoashi,2026-04-30
https://www.dearmanga.com/slice-of-life/heavens-design-team,2026-04-30
https://www.dearmanga.com/slice-of-life/say-hello-to-black-jack,2026-04-30
https://www.dearmanga.com/action/magic-kaito,2026-04-30
https://www.dearmanga.com/sports/shoot,2026-04-30
https://www.dearmanga.com/action/ron-kamonohashi,2026-04-30
https://www.dearmanga.com/historical/crest-of-the-royal-family,2026-04-30
https://www.dearmanga.com/fantasy/my-master-has-no-tail,2026-04-30
https://www.dearmanga.com/action/usogui,2026-04-30
https://www.dearmanga.com/romance/library-wars-love-and-war,2026-04-30
https://www.dearmanga.com/action/tetsujin-28-go,2026-04-30
https://www.dearmanga.com/romance/sensual-phrase,2026-04-30
https://www.dearmanga.com/romance/tokimeki-tonight,2026-04-30
https://www.dearmanga.com/slice-of-life/how-to-keep-a-mummy,2026-04-30
https://www.dearmanga.com/sci-fi/erased,2026-04-30
https://www.dearmanga.com/romance/smoking-behind-supermarket,2026-04-30
https://www.dearmanga.com/sci-fi/rahxephon,2026-04-30
https://www.dearmanga.com/slice-of-life/my-boy,2026-04-30
https://www.dearmanga.com/romance/we-married-as-a-job,2026-04-30
https://www.dearmanga.com/slice-of-life/rakugo-shinjuu,2026-04-30
https://www.dearmanga.com/sports/monkey-turn,2026-04-30
https://www.dearmanga.com/action/my-hero-academia-vigilantes,2026-04-30
https://www.dearmanga.com/sci-fi/japan-sinks,2026-04-30
https://www.dearmanga.com/slice-of-life/baby-and-me,2026-04-30
https://www.dearmanga.com/fantasy/record-of-ragnarok,2026-04-30
https://www.dearmanga.com/romance/yuuna-haunted-hot-springs,2026-04-30
https://www.dearmanga.com/action/attack-on-titan-no-regrets,2026-04-30
https://www.dearmanga.com/action/attack-on-titan-lost-girls,2026-04-30
https://www.dearmanga.com/action/naruto-rock-lee,2026-04-30
https://www.dearmanga.com/action/bobobo-bo-bo-bobo,2026-04-29
https://www.dearmanga.com/fantasy/ribbon-no-kishi,2026-04-29
https://www.dearmanga.com/horror/biomeat,2026-04-29
https://www.dearmanga.com/sci-fi/nextworld-tezuka,2026-04-29
https://www.dearmanga.com/slice-of-life/banana-bread-pudding,2026-04-29
https://www.dearmanga.com/slice-of-life/maus-mizuki,2026-04-29
https://www.dearmanga.com/slice-of-life/rumic-theater,2026-04-29
https://www.dearmanga.com/sci-fi/apollos-song,2026-04-29
https://www.dearmanga.com/slice-of-life/town-of-evening-calm,2026-04-29
https://www.dearmanga.com/slice-of-life/umizaru,2026-04-29
https://www.dearmanga.com/action/mazinger-z,2026-04-29
https://www.dearmanga.com/horror/don-dracula,2026-04-29
https://www.dearmanga.com/slice-of-life/adolf,2026-04-29
https://www.dearmanga.com/slice-of-life/cooking-master-boy,2026-04-29
https://www.dearmanga.com/sports/one-pound-glass,2026-04-29
https://www.dearmanga.com/action/ninku,2026-04-29
https://www.dearmanga.com/romance/gentlemens-alliance-cross,2026-04-29
https://www.dearmanga.com/slice-of-life/marvelous-melmo,2026-04-29
https://www.dearmanga.com/slice-of-life/my-brothers-husband,2026-04-29
https://www.dearmanga.com/action/chronos-ruler,2026-04-29
https://www.dearmanga.com/action/karate-master,2026-04-29
https://www.dearmanga.com/horror/ushiro-no-hyakutarou,2026-04-29
https://www.dearmanga.com/romance/forbidden-dance,2026-04-29
https://www.dearmanga.com/romance/yamato-nadeshiko,2026-04-29
https://www.dearmanga.com/sci-fi/captain-ken,2026-04-29
https://www.dearmanga.com/slice-of-life/showa-history,2026-04-29
https://www.dearmanga.com/action/from-eroica-with-love,2026-04-29
https://www.dearmanga.com/fantasy/kappa-no-sanpei,2026-04-29
https://www.dearmanga.com/fantasy/magic-knight-rayearth-2,2026-04-29
https://www.dearmanga.com/romance/mink,2026-04-29
https://www.dearmanga.com/romance/oniisama-e,2026-04-29
https://www.dearmanga.com/sci-fi/mai-psychic-girl,2026-04-29
https://www.dearmanga.com/horror/old-boy,2026-04-29
https://www.dearmanga.com/horror/shutendoji,2026-04-29
https://www.dearmanga.com/slice-of-life/mister-pink,2026-04-29
https://www.dearmanga.com/action/violence-jack,2026-04-29
https://www.dearmanga.com/horror/after-school-nightmare,2026-04-29
https://www.dearmanga.com/romance/candy-candy,2026-04-29
https://www.dearmanga.com/action/3x3-eyes,2026-04-29
https://www.dearmanga.com/action/genocyber,2026-04-29
https://www.dearmanga.com/action/patalliro,2026-04-29
https://www.dearmanga.com/fantasy/legendz,2026-04-29
https://www.dearmanga.com/fantasy/shirahime-syo,2026-04-29
https://www.dearmanga.com/romance/crayon-days,2026-04-29
https://www.dearmanga.com/action/susanoo-manga,2026-04-29
https://www.dearmanga.com/horror/heat-buronson,2026-04-29
https://www.dearmanga.com/romance/suki-dakara-suki,2026-04-29
https://www.dearmanga.com/sci-fi/legend-of-mother-sarah,2026-04-29
https://www.dearmanga.com/action/apocalypse-zero,2026-04-29
https://www.dearmanga.com/action/cutey-honey,2026-04-29
https://www.dearmanga.com/fantasy/miyuki-chan-wonderland,2026-04-29
https://www.dearmanga.com/fantasy/paros-no-ken,2026-04-29
https://www.dearmanga.com/sci-fi/a-drunken-dream,2026-04-29
https://www.dearmanga.com/sci-fi/akira-club,2026-04-29
https://www.dearmanga.com/sci-fi/eden-its-an-endless-world,2026-04-29
https://www.dearmanga.com/sci-fi/mujirushi,2026-04-29
https://www.dearmanga.com/slice-of-life/nonnonba,2026-04-29
https://www.dearmanga.com/action/yuyu-hakusho,2026-04-29
https://www.dearmanga.com/fantasy/triton-of-the-sea,2026-04-29
https://www.dearmanga.com/romance/hana-yori-dango,2026-04-29
https://www.dearmanga.com/sci-fi/they-were-eleven,2026-04-29
https://www.dearmanga.com/horror/devilman-lady,2026-04-29
https://www.dearmanga.com/horror/petshop-of-horrors,2026-04-29
https://www.dearmanga.com/horror/shibito-no-koe,2026-04-29
https://www.dearmanga.com/horror/yamishibai-manga,2026-04-29
https://www.dearmanga.com/sci-fi/lost-world-tezuka,2026-04-29
https://www.dearmanga.com/slice-of-life/cool-doji-danshi,2026-04-29
https://www.dearmanga.com/slice-of-life/hitler-mizuki,2026-04-29
https://www.dearmanga.com/slice-of-life/mister-ajikko,2026-04-29
https://www.dearmanga.com/slice-of-life/rumic-world,2026-04-29
https://www.dearmanga.com/fantasy/high-school-dxd,2026-04-29
https://www.dearmanga.com/fantasy/deltora-quest,2026-04-29
https://www.dearmanga.com/fantasy/tensura-nikki,2026-04-29
https://www.dearmanga.com/action/twin-star-exorcists,2026-04-29
https://www.dearmanga.com/horror/elfen-lied,2026-04-29
https://www.dearmanga.com/action/iron-wok-jan,2026-04-29
https://www.dearmanga.com/romance/jitsu-wa-watashi-wa,2026-04-29
https://www.dearmanga.com/romance/shikimori-not-just-a-cutie,2026-04-29
https://www.dearmanga.com/action/god-of-high-school,2026-04-29
https://www.dearmanga.com/sports/h2-manga,2026-04-29
https://www.dearmanga.com/horror/akuma-kun,2026-04-29
https://www.dearmanga.com/action/riki-oh,2026-04-29
https://www.dearmanga.com/action/ragna-crimson,2026-04-29
https://www.dearmanga.com/horror/ode-to-kirihito,2026-04-29
https://www.dearmanga.com/action/gto-early-years,2026-04-29
https://www.dearmanga.com/romance/night-of-the-beasts,2026-04-29
https://www.dearmanga.com/sci-fi/lone-wolf-2100,2026-04-29
https://www.dearmanga.com/fantasy/from-far-away,2026-04-29
https://www.dearmanga.com/fantasy/drug-and-drop,2026-04-29
https://www.dearmanga.com/slice-of-life/crime-and-punishment-tezuka,2026-04-29
https://www.dearmanga.com/fantasy/sailor-v,2026-04-29
https://www.dearmanga.com/romance/silver-diamond,2026-04-29
https://www.dearmanga.com/action/katanagatari,2026-04-29
https://www.dearmanga.com/sports/swan-manga,2026-04-29
https://www.dearmanga.com/slice-of-life/bambino,2026-04-29
https://www.dearmanga.com/action/ghost-sweeper-mikami,2026-04-29
https://www.dearmanga.com/sci-fi/asadora,2026-04-29
https://www.dearmanga.com/horror/mao-dante,2026-04-29